<?xml version="1.0" encoding="UTF-8"?><HalfMap type="Principal" version="1">
	<List>
		<Item label="">
			<SID>S-1-5-21-6776287-2050709898-976960199-510535</SID>
			<ShortName>gto_ceadmins_app4514</ShortName>
			<DisplayName>GTO_CEAdmins_APP4514</DisplayName>
			<PrincipalType>1</PrincipalType>
			<Name>GTO_CEAdmins_APP4514@METNET.NET</Name>
		</Item>
		<Item label="">
			<SID>S-1-5-21-6776287-2050709898-976960199-784450</SID>
			<ShortName>ind_app_ams_casemanager_qa_app10245_rd</ShortName>
			<DisplayName>IND_APP_AMS_CaseManager_QA_APP10245_RD</DisplayName>
			<PrincipalType>1</PrincipalType>
			<Name>IND_APP_AMS_CaseManager_QA_APP10245_RD@METNET.NET</Name>
		</Item>
		<Item label="">
			<SID>S-1-5-21-6776287-2050709898-976960199-446683</SID>
			<ShortName>ind_app_wise_dev_app10245</ShortName>
			<DisplayName>IND_APP_WISE_DEV_APP10245</DisplayName>
			<PrincipalType>1</PrincipalType>
			<Name>IND_APP_WISE_DEV_APP10245@METNET.NET</Name>
		</Item>
		<Item label="">
			<SID>S-1-5-21-6776287-2050709898-976960199-689250</SID>
			<ShortName>panuram</ShortName>
			<DisplayName>Anuram, Prasanth</DisplayName>
			<PrincipalType>0</PrincipalType>
			<Name>panuram@METNET.NET</Name>
		</Item>
	</List>
</HalfMap>