<?xml version="1.0" encoding="UTF-8"?>
<ExportObjectList version="1">
	<Object>
		<Name>TestFGI</Name>
		<ClassName>CmAcmSolutionFolder</ClassName>
		<Id>{2026FC77-0000-C516-BF6E-04104F324B0D}</Id>
		<ObjectStoreId>{783D8C82-30EF-4877-B51A-0C96BC886307}</ObjectStoreId>
	</Object>
	<Object>
		<Name>Pages</Name>
		<ClassName>Folder</ClassName>
		<Id>{2026FC77-0000-CEC5-BD90-DBA25C77AFEC}</Id>
		<ObjectStoreId>{783D8C82-30EF-4877-B51A-0C96BC886307}</ObjectStoreId>
	</Object>
	<Object>
		<Name>Views</Name>
		<ClassName>Folder</ClassName>
		<Id>{3026FC77-0100-C8D8-A7FB-88D23B98C52C}</Id>
		<ObjectStoreId>{783D8C82-30EF-4877-B51A-0C96BC886307}</ObjectStoreId>
	</Object>
	<Object>
		<Name>nls</Name>
		<ClassName>Folder</ClassName>
		<Id>{3026FC77-0200-C14D-9C9B-8A87DFCB4338}</Id>
		<ObjectStoreId>{783D8C82-30EF-4877-B51A-0C96BC886307}</ObjectStoreId>
	</Object>
	<Object>
		<Name>TESTF_DisplayMarkup</Name>
		<ClassName>Folder</ClassName>
		<Id>{3026FC77-0100-C5EC-9B9E-283679BEB99D}</Id>
		<ObjectStoreId>{783D8C82-30EF-4877-B51A-0C96BC886307}</ObjectStoreId>
	</Object>
	<Object>
		<Name>TESTF_ServiceClaim</Name>
		<ClassName>Folder</ClassName>
		<Id>{3026FC77-0200-C31E-B4B5-CFD38319D386}</Id>
		<ObjectStoreId>{783D8C82-30EF-4877-B51A-0C96BC886307}</ObjectStoreId>
	</Object>
	<Object>
		<Name>PE Configuration</Name>
		<ClassName>Document</ClassName>
		<Id>{2026FC77-0000-C984-9598-9C8B2E14418A}</Id>
		<ObjectStoreId>{783D8C82-30EF-4877-B51A-0C96BC886307}</ObjectStoreId>
	</Object>
	<Object>
		<Name>Resources.js</Name>
		<ClassName>Document</ClassName>
		<Id>{1028FC77-0200-C463-A424-895AE1B330EC}</Id>
		<ObjectStoreId>{783D8C82-30EF-4877-B51A-0C96BC886307}</ObjectStoreId>
	</Object>
	<Object>
		<Name>Resources.js</Name>
		<ClassName>DynamicReferentialContainmentRelationship</ClassName>
		<Id>{3026FC77-0200-CF60-B35B-B3432ED01DC5}</Id>
		<ObjectStoreId>{783D8C82-30EF-4877-B51A-0C96BC886307}</ObjectStoreId>
	</Object>
	<Object>
		<Name>PE Configuration</Name>
		<ClassName>DynamicReferentialContainmentRelationship</ClassName>
		<Id>{2026FC77-0000-C09E-801F-9F2511B63AEB}</Id>
		<ObjectStoreId>{783D8C82-30EF-4877-B51A-0C96BC886307}</ObjectStoreId>
	</Object>
	<Object>
		<Name>Charts</Name>
		<ClassName>CmAcmPage</ClassName>
		<Id>{2026FC77-0000-CADB-A74A-EEE1A92140FB}</Id>
		<ObjectStoreId>{783D8C82-30EF-4877-B51A-0C96BC886307}</ObjectStoreId>
	</Object>
	<Object>
		<Name>Charts</Name>
		<ClassName>DynamicReferentialContainmentRelationship</ClassName>
		<Id>{2026FC77-0000-C1E2-9FD1-53A8AEE3D043}</Id>
		<ObjectStoreId>{783D8C82-30EF-4877-B51A-0C96BC886307}</ObjectStoreId>
	</Object>
	<Object>
		<Name>Solution Definition</Name>
		<ClassName>Document</ClassName>
		<Id>{10AB6F7D-0100-CA53-9B19-D446940BED6B}</Id>
		<ObjectStoreId>{783D8C82-30EF-4877-B51A-0C96BC886307}</ObjectStoreId>
	</Object>
	<Object>
		<Name>Solution Definition</Name>
		<ClassName>DynamicReferentialContainmentRelationship</ClassName>
		<Id>{2026FC77-0000-C6B9-9A10-0CDAF564A026}</Id>
		<ObjectStoreId>{783D8C82-30EF-4877-B51A-0C96BC886307}</ObjectStoreId>
	</Object>
	<Object>
		<Name>CmAcmCASES_DEFAULT_PAGE</Name>
		<ClassName>CmAcmPage</ClassName>
		<Id>{2026FC77-0000-C6F3-BB02-72A911C82ED4}</Id>
		<ObjectStoreId>{783D8C82-30EF-4877-B51A-0C96BC886307}</ObjectStoreId>
	</Object>
	<Object>
		<Name>CmAcmCASES_DEFAULT_PAGE</Name>
		<ClassName>DynamicReferentialContainmentRelationship</ClassName>
		<Id>{2026FC77-0100-C205-BBF8-6251F69F3CD5}</Id>
		<ObjectStoreId>{783D8C82-30EF-4877-B51A-0C96BC886307}</ObjectStoreId>
	</Object>
	<Object>
		<Name>CmAcmCASE_DEFAULT_PAGE</Name>
		<ClassName>CmAcmPage</ClassName>
		<Id>{3026FC77-0000-C215-BD12-B3EC9EC3801B}</Id>
		<ObjectStoreId>{783D8C82-30EF-4877-B51A-0C96BC886307}</ObjectStoreId>
	</Object>
	<Object>
		<Name>CmAcmCASE_DEFAULT_PAGE</Name>
		<ClassName>DynamicReferentialContainmentRelationship</ClassName>
		<Id>{3026FC77-0000-C821-9B70-73234EA243B0}</Id>
		<ObjectStoreId>{783D8C82-30EF-4877-B51A-0C96BC886307}</ObjectStoreId>
	</Object>
	<Object>
		<Name>CmAcmCASE_NEW_DEFAULT_PAGE</Name>
		<ClassName>CmAcmPage</ClassName>
		<Id>{3026FC77-0000-C030-BB31-3FF6C753CD5B}</Id>
		<ObjectStoreId>{783D8C82-30EF-4877-B51A-0C96BC886307}</ObjectStoreId>
	</Object>
	<Object>
		<Name>CmAcmCASE_NEW_DEFAULT_PAGE</Name>
		<ClassName>DynamicReferentialContainmentRelationship</ClassName>
		<Id>{3026FC77-0000-C747-A13F-C636E26F12AB}</Id>
		<ObjectStoreId>{783D8C82-30EF-4877-B51A-0C96BC886307}</ObjectStoreId>
	</Object>
	<Object>
		<Name>CmAcmTASK_DEFAULT_VIEW</Name>
		<ClassName>CmAcmView</ClassName>
		<Id>{3026FC77-0100-CFF5-A259-7FAB15EF0F4F}</Id>
		<ObjectStoreId>{783D8C82-30EF-4877-B51A-0C96BC886307}</ObjectStoreId>
	</Object>
	<Object>
		<Name>CmAcmCASE_NEW_PAGE</Name>
		<ClassName>CmAcmPage</ClassName>
		<Id>{3026FC77-0000-C859-8396-305052BB3345}</Id>
		<ObjectStoreId>{783D8C82-30EF-4877-B51A-0C96BC886307}</ObjectStoreId>
	</Object>
	<Object>
		<Name>CmAcmCASE_NEW_PAGE</Name>
		<ClassName>DynamicReferentialContainmentRelationship</ClassName>
		<Id>{3026FC77-0000-CD67-BA8E-5B717D596170}</Id>
		<ObjectStoreId>{783D8C82-30EF-4877-B51A-0C96BC886307}</ObjectStoreId>
	</Object>
	<Object>
		<Name>CmAcmTASK_DEFAULT_VIEW</Name>
		<ClassName>DynamicReferentialContainmentRelationship</ClassName>
		<Id>{3026FC77-0200-CC04-8076-C380212E0262}</Id>
		<ObjectStoreId>{783D8C82-30EF-4877-B51A-0C96BC886307}</ObjectStoreId>
	</Object>
	<Object>
		<Name>CmAcmCASE_PAGE</Name>
		<ClassName>CmAcmPage</ClassName>
		<Id>{3026FC77-0000-C37D-B2B8-98A31CCCC2ED}</Id>
		<ObjectStoreId>{783D8C82-30EF-4877-B51A-0C96BC886307}</ObjectStoreId>
	</Object>
	<Object>
		<Name>CmAcmCASE_PAGE</Name>
		<ClassName>DynamicReferentialContainmentRelationship</ClassName>
		<Id>{3026FC77-0000-C083-BDA0-A65D7B45EFF5}</Id>
		<ObjectStoreId>{783D8C82-30EF-4877-B51A-0C96BC886307}</ObjectStoreId>
	</Object>
	<Object>
		<Name>DSample</Name>
		<ClassName>CmAcmView</ClassName>
		<Id>{3026FC77-0200-C52B-B8EF-ADA68D914E83}</Id>
		<ObjectStoreId>{783D8C82-30EF-4877-B51A-0C96BC886307}</ObjectStoreId>
	</Object>
	<Object>
		<Name>DSample</Name>
		<ClassName>DynamicReferentialContainmentRelationship</ClassName>
		<Id>{3026FC77-0200-C034-969F-B2D0556CAE79}</Id>
		<ObjectStoreId>{783D8C82-30EF-4877-B51A-0C96BC886307}</ObjectStoreId>
	</Object>
	<Object>
		<Name>CmAcmCASE_SPLIT_DEFAULT_PAGE</Name>
		<ClassName>CmAcmPage</ClassName>
		<Id>{3026FC77-0000-C390-8EF0-1F6C1F092CD8}</Id>
		<ObjectStoreId>{783D8C82-30EF-4877-B51A-0C96BC886307}</ObjectStoreId>
	</Object>
	<Object>
		<Name>CmAcmCASE_SPLIT_DEFAULT_PAGE</Name>
		<ClassName>DynamicReferentialContainmentRelationship</ClassName>
		<Id>{3026FC77-0000-CCAC-8BB6-3785D670F2EA}</Id>
		<ObjectStoreId>{783D8C82-30EF-4877-B51A-0C96BC886307}</ObjectStoreId>
	</Object>
	<Object>
		<Name>CmAcmSTEP_ATTACHMENT_PAGE</Name>
		<ClassName>CmAcmPage</ClassName>
		<Id>{3026FC77-0000-CCBF-A874-B1E932A98BAA}</Id>
		<ObjectStoreId>{783D8C82-30EF-4877-B51A-0C96BC886307}</ObjectStoreId>
	</Object>
	<Object>
		<Name>CmAcmSTEP_ATTACHMENT_PAGE</Name>
		<ClassName>DynamicReferentialContainmentRelationship</ClassName>
		<Id>{3026FC77-0000-C1C3-AADE-7FB5CA730273}</Id>
		<ObjectStoreId>{783D8C82-30EF-4877-B51A-0C96BC886307}</ObjectStoreId>
	</Object>
	<Object>
		<Name>CmAcmSTEP_DEFAULT_PAGE</Name>
		<ClassName>CmAcmPage</ClassName>
		<Id>{3026FC77-0000-CFD9-B313-3A200533EF68}</Id>
		<ObjectStoreId>{783D8C82-30EF-4877-B51A-0C96BC886307}</ObjectStoreId>
	</Object>
	<Object>
		<Name>CmAcmSTEP_DEFAULT_PAGE</Name>
		<ClassName>DynamicReferentialContainmentRelationship</ClassName>
		<Id>{3026FC77-0000-C8E3-A942-DA9604056F86}</Id>
		<ObjectStoreId>{783D8C82-30EF-4877-B51A-0C96BC886307}</ObjectStoreId>
	</Object>
	<Object>
		<Name></Name>
		<ClassName>CmAcmSolutionLockControl</ClassName>
		<Id>{3026FC77-0200-C877-865A-33F9473BF4EC}</Id>
		<ObjectStoreId>{783D8C82-30EF-4877-B51A-0C96BC886307}</ObjectStoreId>
	</Object>
	<Object>
		<Name>Solution Locks</Name>
		<ClassName>ReferentialContainmentRelationship</ClassName>
		<Id>{3026FC77-0200-CE88-9702-571B77915944}</Id>
		<ObjectStoreId>{783D8C82-30EF-4877-B51A-0C96BC886307}</ObjectStoreId>
	</Object>
	<Object>
		<Name>CmAcmSTEP_DYNAMIC_DEFAULT_PAGE</Name>
		<ClassName>CmAcmPage</ClassName>
		<Id>{3026FC77-0000-CFF8-916B-9C8A826D8D4F}</Id>
		<ObjectStoreId>{783D8C82-30EF-4877-B51A-0C96BC886307}</ObjectStoreId>
	</Object>
	<Object>
		<Name>CmAcmSTEP_DYNAMIC_DEFAULT_PAGE</Name>
		<ClassName>DynamicReferentialContainmentRelationship</ClassName>
		<Id>{3026FC77-0100-C90E-8B57-1CC413CB1ED4}</Id>
		<ObjectStoreId>{783D8C82-30EF-4877-B51A-0C96BC886307}</ObjectStoreId>
	</Object>
	<Object>
		<Name>Solution Workflow Collection</Name>
		<ClassName>WorkflowDefinition</ClassName>
		<Id>{2026FC77-0000-CB66-AD81-95AB8032AD98}</Id>
		<ObjectStoreId>{783D8C82-30EF-4877-B51A-0C96BC886307}</ObjectStoreId>
	</Object>
	<Object>
		<Name>CmAcmSTEP_LAUNCH_DEFAULT_PAGE</Name>
		<ClassName>CmAcmPage</ClassName>
		<Id>{3026FC77-0100-CA13-A0EB-4CC511C61CEC}</Id>
		<ObjectStoreId>{783D8C82-30EF-4877-B51A-0C96BC886307}</ObjectStoreId>
	</Object>
	<Object>
		<Name>CmAcmSTEP_LAUNCH_DEFAULT_PAGE</Name>
		<ClassName>DynamicReferentialContainmentRelationship</ClassName>
		<Id>{3026FC77-0100-C523-B39B-37E45D35C03E}</Id>
		<ObjectStoreId>{783D8C82-30EF-4877-B51A-0C96BC886307}</ObjectStoreId>
	</Object>
	<Object>
		<Name>Solution Workflow Collection</Name>
		<ClassName>DynamicReferentialContainmentRelationship</ClassName>
		<Id>{2026FC77-0000-CD75-9FCE-BDDF6C13C441}</Id>
		<ObjectStoreId>{783D8C82-30EF-4877-B51A-0C96BC886307}</ObjectStoreId>
	</Object>
	<Object>
		<Name>CmAcmSTEP_LAUNCH_PAGE</Name>
		<ClassName>CmAcmPage</ClassName>
		<Id>{3026FC77-0100-CD31-886A-D937C901385B}</Id>
		<ObjectStoreId>{783D8C82-30EF-4877-B51A-0C96BC886307}</ObjectStoreId>
	</Object>
	<Object>
		<Name>CmAcmSTEP_LAUNCH_PAGE</Name>
		<ClassName>DynamicReferentialContainmentRelationship</ClassName>
		<Id>{3026FC77-0100-C64A-8749-DF0A239B971E}</Id>
		<ObjectStoreId>{783D8C82-30EF-4877-B51A-0C96BC886307}</ObjectStoreId>
	</Object>
	<Object>
		<Name>CmAcmSTEP_PAGE</Name>
		<ClassName>CmAcmPage</ClassName>
		<Id>{3026FC77-0100-C55C-B595-39705121025B}</Id>
		<ObjectStoreId>{783D8C82-30EF-4877-B51A-0C96BC886307}</ObjectStoreId>
	</Object>
	<Object>
		<Name>CmAcmSTEP_PAGE</Name>
		<ClassName>DynamicReferentialContainmentRelationship</ClassName>
		<Id>{3026FC77-0100-C36C-99F0-715446CE90F3}</Id>
		<ObjectStoreId>{783D8C82-30EF-4877-B51A-0C96BC886307}</ObjectStoreId>
	</Object>
	<Object>
		<Name></Name>
		<ClassName>CmAcmDraftArea</ClassName>
		<Id>{3026FC77-0200-C3B1-ABB1-6E2F6961D40E}</Id>
		<ObjectStoreId>{783D8C82-30EF-4877-B51A-0C96BC886307}</ObjectStoreId>
	</Object>
	<Object>
		<Name>Solution Workflow Collection_Draft</Name>
		<ClassName>ReferentialContainmentRelationship</ClassName>
		<Id>{3026FC77-0200-C5CD-A6A2-01499FD60E01}</Id>
		<ObjectStoreId>{783D8C82-30EF-4877-B51A-0C96BC886307}</ObjectStoreId>
	</Object>
	<Object>
		<Name>CmAcmWORK_DEFAULT_PAGE</Name>
		<ClassName>CmAcmPage</ClassName>
		<Id>{3026FC77-0100-CC7B-9728-4D35825D2CA6}</Id>
		<ObjectStoreId>{783D8C82-30EF-4877-B51A-0C96BC886307}</ObjectStoreId>
	</Object>
	<Object>
		<Name>Service Claim Workflow Definition</Name>
		<ClassName>WorkflowDefinition</ClassName>
		<Id>{2026FC77-0000-CE4E-8E13-79D6494F6E87}</Id>
		<ObjectStoreId>{783D8C82-30EF-4877-B51A-0C96BC886307}</ObjectStoreId>
	</Object>
	<Object>
		<Name>CmAcmWORK_DEFAULT_PAGE</Name>
		<ClassName>DynamicReferentialContainmentRelationship</ClassName>
		<Id>{3026FC77-0100-C188-9963-052750B0AFAA}</Id>
		<ObjectStoreId>{783D8C82-30EF-4877-B51A-0C96BC886307}</ObjectStoreId>
	</Object>
	<Object>
		<Name>TESTF_ServiceClaim</Name>
		<ClassName>DynamicReferentialContainmentRelationship</ClassName>
		<Id>{2026FC77-0000-C35C-AD60-8A657D422B29}</Id>
		<ObjectStoreId>{783D8C82-30EF-4877-B51A-0C96BC886307}</ObjectStoreId>
	</Object>
	<Object>
		<Name>Customer Details</Name>
		<ClassName>CmAcmPage</ClassName>
		<Id>{3026FC77-0100-CB9A-BA74-79B940CC7089}</Id>
		<ObjectStoreId>{783D8C82-30EF-4877-B51A-0C96BC886307}</ObjectStoreId>
	</Object>
	<Object>
		<Name>Customer Details</Name>
		<ClassName>DynamicReferentialContainmentRelationship</ClassName>
		<Id>{3026FC77-0100-CCAE-AD06-8940CE92F717}</Id>
		<ObjectStoreId>{783D8C82-30EF-4877-B51A-0C96BC886307}</ObjectStoreId>
	</Object>
	<Object>
		<Name></Name>
		<ClassName>CmAcmDraftArea</ClassName>
		<Id>{3026FC77-0200-CD9C-8E2D-4F448EB6059B}</Id>
		<ObjectStoreId>{783D8C82-30EF-4877-B51A-0C96BC886307}</ObjectStoreId>
	</Object>
	<Object>
		<Name>TESTF_ServiceClaim_Draft</Name>
		<ClassName>ReferentialContainmentRelationship</ClassName>
		<Id>{3026FC77-0200-CDAA-A150-43C459B1D045}</Id>
		<ObjectStoreId>{783D8C82-30EF-4877-B51A-0C96BC886307}</ObjectStoreId>
	</Object>
	<Object>
		<Name>Xplore Workflow Definition</Name>
		<ClassName>WorkflowDefinition</ClassName>
		<Id>{60DC6F7D-0100-C609-BA8A-8599BE36A71A}</Id>
		<ObjectStoreId>{783D8C82-30EF-4877-B51A-0C96BC886307}</ObjectStoreId>
	</Object>
	<Object>
		<Name>TESTF_Xplore</Name>
		<ClassName>DynamicReferentialContainmentRelationship</ClassName>
		<Id>{2026FC77-0000-C430-A8C6-D20AD35751FF}</Id>
		<ObjectStoreId>{783D8C82-30EF-4877-B51A-0C96BC886307}</ObjectStoreId>
	</Object>
	<Object>
		<Name>Customer Solution</Name>
		<ClassName>CmAcmPage</ClassName>
		<Id>{3026FC77-0100-C5B3-B935-E3FAC475CA49}</Id>
		<ObjectStoreId>{783D8C82-30EF-4877-B51A-0C96BC886307}</ObjectStoreId>
	</Object>
	<Object>
		<Name>Customer Solution</Name>
		<ClassName>DynamicReferentialContainmentRelationship</ClassName>
		<Id>{3026FC77-0100-C2CD-A549-76B789A86C78}</Id>
		<ObjectStoreId>{783D8C82-30EF-4877-B51A-0C96BC886307}</ObjectStoreId>
	</Object>
	<Object>
		<Name></Name>
		<ClassName>CmAcmDraftArea</ClassName>
		<Id>{3026FC77-0200-C4DF-AA6E-3CFF15EB8391}</Id>
		<ObjectStoreId>{783D8C82-30EF-4877-B51A-0C96BC886307}</ObjectStoreId>
	</Object>
	<Object>
		<Name>TESTF_Xplore_Draft</Name>
		<ClassName>ReferentialContainmentRelationship</ClassName>
		<Id>{3026FC77-0200-C4E9-AC5B-8FB00DE30CB0}</Id>
		<ObjectStoreId>{783D8C82-30EF-4877-B51A-0C96BC886307}</ObjectStoreId>
	</Object>
</ExportObjectList>
